{
  "project_info": {
    "project_number": "339709755523",
    "firebase_url": "https://mapapp-291918.firebaseio.com",
    "project_id": "mapapp-291918",
    "storage_bucket": "mapapp-291918.appspot.com"
  },
  "client": [
    {
      "client_info": {
        "mobilesdk_app_id": "1:339709755523:android:eebeed187456ee61175bb6",
        "android_client_info": {
          "package_name": "com.example.googlemaps"
        }
      },
      "oauth_client": [
        {
          "client_id": "339709755523-hm21ll9heq4jrccu793oba25sp9iiujc.apps.googleusercontent.com",
          "client_type": 3
        }
      ],
      "api_key": [
        {
          "current_key": "AIzaSyBbHmI0pEhlKbW4AQwgvTjICJ9mX-mtmVI"
        }
      ],
      "services": {
        "appinvite_service": {
          "other_platform_oauth_client": [
            {
              "client_id": "339709755523-hm21ll9heq4jrccu793oba25sp9iiujc.apps.googleusercontent.com",
              "client_type": 3
            }
          ]
        }
      }
    },
    {
      "client_info": {
        "mobilesdk_app_id": "1:339709755523:android:fab33f9b9c37512c175bb6",
        "android_client_info": {
          "package_name": "com.example.mappy"
        }
      },
      "oauth_client": [
        {
          "client_id": "339709755523-hm21ll9heq4jrccu793oba25sp9iiujc.apps.googleusercontent.com",
          "client_type": 3
        }
      ],
      "api_key": [
        {
          "current_key": "AIzaSyBbHmI0pEhlKbW4AQwgvTjICJ9mX-mtmVI"
        }
      ],
      "services": {
        "appinvite_service": {
          "other_platform_oauth_client": [
            {
              "client_id": "339709755523-hm21ll9heq4jrccu793oba25sp9iiujc.apps.googleusercontent.com",
              "client_type": 3
            }
          ]
        }
      }
    },
    {
      "client_info": {
        "mobilesdk_app_id": "1:339709755523:android:6c7df06d13a5d606175bb6",
        "android_client_info": {
          "package_name": "com.example.mappy2"
        }
      },
      "oauth_client": [
        {
          "client_id": "339709755523-hm21ll9heq4jrccu793oba25sp9iiujc.apps.googleusercontent.com",
          "client_type": 3
        }
      ],
      "api_key": [
        {
          "current_key": "AIzaSyBbHmI0pEhlKbW4AQwgvTjICJ9mX-mtmVI"
        }
      ],
      "services": {
        "appinvite_service": {
          "other_platform_oauth_client": [
            {
              "client_id": "339709755523-hm21ll9heq4jrccu793oba25sp9iiujc.apps.googleusercontent.com",
              "client_type": 3
            }
          ]
        }
      }
    }
  ],
  "configuration_version": "1"
}