{
  "project_info": {
    "project_number": "1046793486224",
    "firebase_url": "https://traintry1.firebaseio.com",
    "project_id": "traintry1",
    "storage_bucket": "traintry1.appspot.com"
  },
  "client": [
    {
      "client_info": {
        "mobilesdk_app_id": "1:1046793486224:android:7a8900e5518ce368f53d15",
        "android_client_info": {
          "package_name": "com.example.train1"
        }
      },
      "oauth_client": [
        {
          "client_id": "1046793486224-rgt10v3m5peli5ls59c4iu4c9gadcsl8.apps.googleusercontent.com",
          "client_type": 3
        }
      ],
      "api_key": [
        {
          "current_key": "AIzaSyCj00NHsx7gIK9atWz4cbRFWftHiSUCbJU"
        }
      ],
      "services": {
        "appinvite_service": {
          "other_platform_oauth_client": [
            {
              "client_id": "1046793486224-rgt10v3m5peli5ls59c4iu4c9gadcsl8.apps.googleusercontent.com",
              "client_type": 3
            }
          ]
        }
      }
    }
  ],
  "configuration_version": "1"
}